{
  "norm_stats": {
    "state": {
      "mean": [
        0.07278198003768921,
        1.3749626874923706,
        1.0275450944900513,
        -0.3175429403781891,
        -0.031400855630636215,
        0.07450000941753387,
        0.0,
        -0.062182702124118805,
        1.1001248359680176,
        0.826094925403595,
        -0.27029743790626526,
        0.016484776511788368,
        -0.07983719557523727,
        0.0
      ],
      "std": [
        0.2493966668844223,
        1.3816585540771484,
        1.0683505535125732,
        0.40367627143859863,
        0.19393578171730042,
        0.3874930441379547,
        0.0,
        0.2290799915790558,
        1.3349381685256958,
        1.0366727113723755,
        0.4106713831424713,
        0.1845966875553131,
        0.40781474113464355,
        0.0
      ],
      "q01": [
        -0.502105547964573,
        -0.10000448673963547,
        -0.10001637041568756,
        -1.3024763725280761,
        -0.4883152103424072,
        -1.183973541688919,
        0.0,
        -0.5194591480016708,
        -0.10002600401639938,
        -0.10003460943698883,
        -1.3394330985307694,
        -0.46453482048511496,
        -1.0444426147699355,
        0.0
      ],
      "q99": [
        0.5214315868020056,
        3.379565859563649,
        2.900210109904408,
        0.23918090438842765,
        0.4690858221054077,
        0.9367179515838626,
        0.0,
        0.49837417399883277,
        3.363055534747243,
        2.8945598488390445,
        0.23353095109462751,
        0.46957369351387035,
        1.2221768005371096,
        0.0
      ]
    },
    "actions": {
      "mean": [
        -0.0003211508446838707,
        0.000524806440807879,
        0.0009100018069148064,
        -0.0013831789838150144,
        -0.001640278846025467,
        0.0013033079449087381,
        0.7398703694343567,
        0.001321959774941206,
        -0.00611489312723279,
        -0.0028704539872705936,
        0.00016590123414061964,
        0.001347821205854416,
        -0.0006690842565149069,
        0.7868334650993347
      ],
      "std": [
        0.13259829580783844,
        0.46442505717277527,
        0.3669627010822296,
        0.1361500769853592,
        0.08669629693031311,
        0.18529267609119415,
        0.4387051463127136,
        0.11497953534126282,
        0.4416634142398834,
        0.34725451469421387,
        0.13296839594841003,
        0.07616619765758514,
        0.1774454414844513,
        0.40954434871673584
      ],
      "q01": [
        -0.4333923296928406,
        -2.2288144336700437,
        -1.716401708173752,
        -0.4429946930408477,
        -0.3105847223997116,
        -0.6305994799375534,
        0.0,
        -0.4555371717453003,
        -2.112543008327484,
        -1.647935865688324,
        -0.43935268249511705,
        -0.2541945210218429,
        -0.7101873461723329,
        0.0
      ],
      "q99": [
        0.5244881219625472,
        1.4103552433013915,
        0.9758066391468048,
        0.5010000600814819,
        0.31373253192901607,
        0.7424588066577913,
        0.9998,
        0.3881184175968171,
        1.3495609176158903,
        0.9334945859909056,
        0.5219774361133576,
        0.2944462936878205,
        0.6040878240108487,
        0.9998
      ]
    }
  }
}