{
  "norm_stats": {
    "state": {
      "mean": [
        -1.0519208908081055,
        0.5982068181037903,
        0.2764829397201538,
        -1.259472370147705,
        0.7162076830863953,
        1.466973900794983,
        -0.18341407179832458,
        34.9547233581543,
        1.4191629886627197,
        -0.8657249212265015,
        -0.5017200708389282,
        0.7024257183074951,
        -1.0055301189422607,
        -1.4162752628326416,
        0.12899120151996613,
        66.8401107788086
      ],
      "std": [
        0.012867855839431286,
        0.007564420811831951,
        0.0013593174517154694,
        0.013939552940428257,
        0.008034415543079376,
        0.01571628637611866,
        0.00210195011459291,
        0.08414319902658463,
        0.26479974389076233,
        0.23905344307422638,
        0.24278143048286438,
        0.4556991159915924,
        0.44222500920295715,
        0.19030632078647614,
        0.539000391960144,
        35.91145706176758
      ],
      "q01": [
        -1.0737202534675598,
        0.5837122011184692,
        0.27438307592868805,
        -1.2833692299842834,
        0.7004758152961731,
        1.4395189809799194,
        -0.18753521239459514,
        34.91999816894531,
        1.0293428937196731,
        -1.2838728544175624,
        -1.4010922977998854,
        -0.002729081358760599,
        -2.084379642021656,
        -1.599301796913147,
        -0.6068893134593963,
        34.90129645996094
      ],
      "q99": [
        -1.027233887243271,
        0.6107559287548066,
        0.2792690585434437,
        -1.2330448287963867,
        0.730002007484436,
        1.494816918182373,
        -0.17982363909482957,
        34.99998399963379,
        2.1198367824316025,
        -0.4155521912842989,
        -0.2026851963669063,
        1.3580808508209883,
        -0.17537792494595061,
        -0.8717073945999145,
        1.6897496788501742,
        115.7632218132019
      ]
    },
    "actions": {
      "mean": [
        0.000017017902791849338,
        -0.000010326287338102702,
        -1.8743894543149509e-6,
        0.000018071779777528718,
        -0.000010835143257281743,
        -0.000021580266547971405,
        2.6908783183898777e-6,
        0.0,
        -0.0011350662680342793,
        -0.0004963470855727792,
        -0.000027940071959164925,
        0.0008035438950173557,
        0.0010923801455646753,
        -0.001457883045077324,
        -0.000493113708216697,
        0.41480934619903564
      ],
      "std": [
        0.00006368698086589575,
        0.00004052041913382709,
        0.000018129145246348344,
        0.00006776860391255468,
        0.000046643061068607494,
        0.00008730087574804202,
        0.00001405947932653362,
        0.0,
        0.12716317176818848,
        0.11198671162128448,
        0.1053534597158432,
        0.20787598192691803,
        0.19347502291202545,
        0.10215147584676743,
        0.21788786351680756,
        0.4885028600692749
      ],
      "q01": [
        -0.000017584037780761727,
        -0.00019209766387939453,
        -0.00010478839278221131,
        -0.00001752669811248776,
        -0.00022706947326660157,
        -0.0003840570449829101,
        -0.000017502316832542416,
        0.0,
        -0.35041321077346804,
        -0.34078748130798336,
        -0.3201787607192993,
        -0.6406574100255966,
        -0.5746962131023406,
        -0.3734826826334,
        -0.8102391283512116,
        0.0
      ],
      "q99": [
        0.00029650416374206543,
        0.000017421483993530253,
        0.000034872889518737776,
        0.00031393361091613774,
        0.00001738977432250979,
        0.000017396736145019543,
        0.00006977811157703398,
        0.0,
        0.45724553642272947,
        0.27194371986389165,
        0.31407657871246353,
        0.5496402114629746,
        0.6863849388122558,
        0.32121847540140136,
        0.5995411795616152,
        0.9998
      ]
    }
  }
}